{"file_hashes":[{"block_hashes":["djCGKekLWKBzb0L+dJ5h2Hyq7SbhxDdK6QpOam2PioA="],"block_size":4096,"path":"css/main.css"},{"block_hashes":["Olnnknre0uQmZVVTXXdZvy2Wixoyk/x7E1FgQ5cAaLg="],"block_size":4096,"path":"css/popup.css"},{"block_hashes":["+YsBzsBlxwCdQxExKt0O/4UO4eg59ZtFh/3YVs6Q7n4="],"block_size":4096,"path":"html/popup.html"},{"block_hashes":["jp06cHHPM31oc5Mfb6Mj9cuE8BaK+FxNdQ2RGZ8YDBM=","ehoxvVudo9+gMgMZsGkMOXULH3JqsaYtH9ajC9qmhj0=","0RaZKX5Em4AQT/NapeL2E/Pakbdg/4Vd6MaPZ4obVIE=","EbC8jrli/2mTrqkLzohZYFI3LaSVg8RbOl0ApPGxsfU=","/Uxx9nEVbKXb4CJSX66HwVLJv3oJS9xlYHCZwC1rOZQ=","jrWX/SticI17YQoHMwCSETM4YTvfWuVqGNAzNcc2vRU=","BydhzMZrKI/oIkEOp7rXf8/NX0ej+BlVXuH/ykwb9A4=","XvmKYBYLyCdYlOXTxT11TPhAUjYidRS0/+LyEy3eBY0=","CPF3ZLhqZdibUv3ueFALOWNMzXtzx+pquzHn4UtingQ=","ppXzQogXcxE8fqdVPpuZ+bCGo+upbYJtqjxpEp2hNlk=","824SYJVJW9lOIUY9JHzm4fAfscV5tEhmk7TxTOU5f/k=","uSyB3NVERL3Xqmnvbv7lhwrG3XHMOLTI1ttuHwf27vk=","flC8dHxb4Cgz/mbQpeEus9Zy//oIzaUKamTKLBh/nKw=","wzMInJ8e7CbwZVia2n5p6IfowVqCac/jXnWdMm9oqGg="],"block_size":4096,"path":"img/spinner.gif"},{"block_hashes":["+5NdNV6pcWwBBAXlP9kYFenx7UfajKZ/outJcvl7kqE="],"block_size":4096,"path":"js/agent-updates.js"},{"block_hashes":["pZvALUBpWv7SdZ+Glr55aU+EQo/+5Cda+X251SoAzAQ="],"block_size":4096,"path":"js/ajax-helpers.js"},{"block_hashes":["g15jyxWZAV1+83IK0W4WzF8aAkNoPy9lAJc82iTNFTo="],"block_size":4096,"path":"js/background.js"},{"block_hashes":["Y5FGUr0NgziLGr5+j/DP1d2Hanr+zwpOH6Ibrfx6f+I="],"block_size":4096,"path":"js/build-updates.js"},{"block_hashes":["Iw+MUaZM3a1z3ByiejBqFrrmb5DB2OiyH6YamFNad0U="],"block_size":4096,"path":"js/build.js"},{"block_hashes":["BnKUhtA4WDJsL/ySmn5nONXMljJjmmjxErcFK5jxTEw="],"block_size":4096,"path":"js/clock.js"},{"block_hashes":["3GvEvXJ/Lk+F0mSZH4HIacePtFIeWO6ScNI9f8dBxYc="],"block_size":4096,"path":"js/date-time-formatter.js"},{"block_hashes":["U7yWoyxs0we0ynwa8M9wkI8HlCWOQF2syCrMegeGdRY="],"block_size":4096,"path":"js/drawing.js"},{"block_hashes":["4rTZcd9m17wnDp1wvLxKSGQVL502vSZcFoTd7s1YMK8=","r5NO8/VxEUphoze7Cs3D8edjqQPzJiYfd8dhW72XRmU="],"block_size":4096,"path":"js/main.js"},{"block_hashes":["nD1BHMVrJWBVRkuTnlfjB3p4zRhXftQgWhAq3gpbej8="],"block_size":4096,"path":"js/popup-addserver.js"},{"block_hashes":["SUJdfsv7P8M3dB7JoYiAlIoW6SKjKHqqawdHR3Ym1bk="],"block_size":4096,"path":"js/popup-projects.js"},{"block_hashes":["GI+GZR5sOGobrqVcasZo7NGgbXpQ7j5vwjodvD0YtRY="],"block_size":4096,"path":"js/popup-settings.js"},{"block_hashes":["aItXQWyn4hLURbsP5j7WGupkMiiTkXPAqiei7w86HSo="],"block_size":4096,"path":"js/popup.js"},{"block_hashes":["Ne3PoVwTD/naVluWjXdAMpzuA+OU6f0/SzPioqHylfM="],"block_size":4096,"path":"js/storage.js"},{"block_hashes":["/oVKZp6S7qZ9SQt+sjnlYR0knHu13tPdqf5q4iLd3qU="],"block_size":4096,"path":"js/tc-client.js"},{"block_hashes":["3TwW2FmPDA2seOn0YtNwd+XbV3Kko8K4ZsIfnZcSzs4="],"block_size":4096,"path":"js/teamcity-date.js"},{"block_hashes":["DcGND8t7x250zvWpbVt+w+p5NHhe67tkaMB3GZyUTqc="],"block_size":4096,"path":"js/time-interval.js"},{"block_hashes":["NG0hH9SYL+YYAubvA3Nux2L7tH4uqQQ74GuEu8AeN+A=","/KkImbth5Gm747JgnHw6GX22AVEKGgxJ4EIx4Z9amv4=","OL3vYCzcdvHGc+TPisSa96V1JXGiHFbiFoqMK041HJM=","CqYnjCAwYW1JSYJo9QWIMmibpy941b9B7kw53RwK76w=","isdYXq62ehoXfpyW5iQm6OLYOdO4tFo79bWFG4F/aHw=","hqIuTjlRROub5D4VTXZ3n1ifOS+igvGEQgcsHROBVis=","A1QSF5b675j7i/bsvuGUK/xCud89Gwi2XY1rfB0XXZY=","NM7lJSmJHLx2pg4aYeZJRyBHAV76Ka2obMNbGvBylzE=","Qk9Y6+EXShcZ0hGOdxsrPjELsPrJgF1erRlbu1dgCPA=","xVtRDFgGhuHQp8u/re5CvJbKv5kYPeu6nlSMdrWJrFQ=","WayQ2hnDECvKyThjW6q05f4N/YR/YBv2603sQ6/24jo=","XtoI49H09mVyD05YU8k3eOhcJI9lIr8D4i6AAvmdSNY=","c22THKK4gERQ4F1AIUGxJWhW9Y4cbzKJVOmEhhO0o5Q=","6l7dx2SkMMYnfoVGowzKJBumyEJLBTs8W37+8NjWIHE=","UZaTMmBxgz1hxkIKqedX3Rp5HDy2qG4kW5ojvDx2myg=","z2xQbwSpmy91Y8s7OCbLeAZjVJCBXNxhxoQ4+FIsjxo=","/A8e3MKQwwMnqoqLiS1Gzj0XxlH0l4ZhR0TfzXWY9JM=","OlQbq+mJdoPdwirSyGT0BqRVhCR93yAK/TLt9AQqh5I=","xlF1qW99zX8K30O3/1EXxGYjgbzGOi3XMFzmGYKpvgI=","F9KClVYLNlyQEUs4I6gDki6EFYI/1qsulT7cxZSYsjI=","YgP7mKMSur0VIE5gd4xGlmCl5wrYYUR/W5znS1uvDN0=","RD3rRFBMQuke8sU6sFZDFMr160q3suRO59nGrrpmYl4=","iqQIUHmGS7EZRoUO0+6ZioTgBFDGZC3zvhUTTeZK388=","B/VU/LItg+wYEriCZ/InA6oOnm4byfUsrRz8XURcWzg="],"block_size":4096,"path":"vendor/jquery-1.11.1.min.js"}],"version":2}