{
  "scopeName": "source.editorconfig",
  "fileTypes": [
    "editorconfig"
  ],
  "name": "editorconfig",
  "patterns": [{
    "begin": "(^[ \\t]+)?(?=#)",
    "beginCaptures": {
      "1": {
        "name": "punctuation.whitespace.comment.leading.editorconfig"
      }
    },
    "end": "(?!\\G)",
    "patterns": [{
      "begin": "#",
      "beginCaptures": {
        "0": {
          "name": "punctuation.definition.comment.editorconfig"
        }
      },
      "end": "\\n",
      "name": "comment.line.number-sign.editorconfig"
    }]
  }, {
    "begin": "(^[ \\t]+)?(?=;)",
    "beginCaptures": {
      "1": {
        "name": "punctuation.whitespace.comment.leading.editorconfig"
      }
    },
    "end": "(?!\\G)",
    "patterns": [{
      "begin": ";",
      "beginCaptures": {
        "0": {
          "name": "punctuation.definition.comment.editorconfig"
        }
      },
      "end": "\\n",
      "name": "comment.line.semicolon.editorconfig"
    }]
  }, {
    "match": "(?i)(indent_style)\\s*(=)\\s*(tab|space)\\b",
    "captures": {
      "1": {
        "name": "keyword.other.definition.$1.editorconfig"
      },
      "2": {
        "name": "punctuation.separator.key-value.editorconfig"
      },
      "3": {
        "name": "constant.language.$1.editorconfig"
      }
    }
  }, {
    "match": "(?i)(indent_size)\\s*(=)\\s*(?:(\\d+)|(tab))\\b",
    "captures": {
      "1": {
        "name": "keyword.other.definition.$1.editorconfig"
      },
      "2": {
        "name": "punctuation.separator.key-value.editorconfig"
      },
      "3": {
        "name": "constant.numeric.$1.editorconfig"
      },
      "4": {
        "name": "constant.language.$1.editorconfig"
      }
    }
  }, {
    "match": "(?i)(tab_width)\\s*(=)\\s*(\\d+)\\b",
    "captures": {
      "1": {
        "name": "keyword.other.definition.$1.editorconfig"
      },
      "2": {
        "name": "punctuation.separator.key-value.editorconfig"
      },
      "3": {
        "name": "constant.numeric.$1.editorconfig"
      }
    }
  }, {
    "match": "(?i)(max_line_length)\\s*(=)\\s*(?:(\\d+)|(Off))\\b",
    "captures": {
      "1": {
        "name": "keyword.other.definition.$1.editorconfig"
      },
      "2": {
        "name": "punctuation.separator.key-value.editorconfig"
      },
      "3": {
        "name": "constant.numeric.$1.editorconfig"
      },
      "4": {
        "name": "constant.language.boolean.false.editorconfig"
      }
    }
  }, {
    "match": "(?i)(end_of_line)\\s*(=)\\s*(LF|CR|CRLF)\\b",
    "captures": {
      "1": {
        "name": "keyword.other.definition.$1.editorconfig"
      },
      "2": {
        "name": "punctuation.separator.key-value.editorconfig"
      },
      "3": {
        "name": "constant.language.$1.editorconfig"
      }
    }
  }, {
    "match": "(?i)(charset)\\s*(=)\\s*(Latin1|UTF-8|UTF-16[BL]E)\\b",
    "captures": {
      "1": {
        "name": "keyword.other.definition.$1.editorconfig"
      },
      "2": {
        "name": "punctuation.separator.key-value.editorconfig"
      },
      "3": {
        "name": "constant.language.$1.editorconfig"
      }
    }
  }, {
    "match": "(?i)(insert_final_newline|root|trim_trailing_whitespace)\\s*(=)\\s*(true|false)\\b",
    "captures": {
      "1": {
        "name": "keyword.other.definition.$1.editorconfig"
      },
      "2": {
        "name": "punctuation.separator.key-value.editorconfig"
      },
      "3": {
        "name": "constant.language.boolean.${3:/downcase}.editorconfig"
      }
    }
  }, {
    "captures": {
      "1": {
        "name": "punctuation.definition.entity.editorconfig"
      },
      "3": {
        "name": "punctuation.definition.entity.editorconfig"
      }
    },
    "match": "^(\\[)(.*?)(\\])",
    "name": "entity.name.section.group-title.editorconfig"
  }, {
    "begin": "'",
    "beginCaptures": {
      "0": {
        "name": "punctuation.definition.string.begin.editorconfig"
      }
    },
    "end": "'",
    "endCaptures": {
      "0": {
        "name": "punctuation.definition.string.end.editorconfig"
      }
    },
    "name": "string.quoted.single.editorconfig",
    "patterns": [{
      "match": "\\\\.",
      "name": "constant.character.escape.editorconfig"
    }]
  }, {
    "begin": "\"",
    "beginCaptures": {
      "0": {
        "name": "punctuation.definition.string.begin.editorconfig"
      }
    },
    "end": "\"",
    "endCaptures": {
      "0": {
        "name": "punctuation.definition.string.end.editorconfig"
      }
    },
    "name": "string.quoted.double.editorconfig"
  }]
}
